INSERT INTO users (first_name, last_name, username, email, password, role, created_at, is_active, is_not_locked)
VALUES
('alcina', 'toto', 'admin', 'pepe@email.com', '$2a$10$kpCZJKj.gmCOVbxs1XNDY.w/cY405lZtoW7ciWRYPy2F38MayZzMS', 'ADMIN', '2023-06-18 22:50:06.035', true, true),
('Post', 'Man', 'postman', 'postman@example.com', '$2a$10$d3RKgivqOkHQw9b/x4Hnpec.7jwLdIpIYCDKAeiTLWAZAcsn7Z9GS', 'SUPER_ADMIN', '2023-06-23 10:56:53.167', true, true);

INSERT INTO factory
(name)
VALUES
('Test Factory');

INSERT INTO section
(factory_id, name)
VALUES
(1, 'OBO');

INSERT INTO ims
(code)
VALUES
('N15000001'),
('N15000002'),
('N15000003');

INSERT INTO counting_equipment
(code, alias, section_id, equipment_status, p_timer_communication_cycle, ims_id)
VALUES
('OBO001', 'Máquina 1', 1, 1, 60, 1),
('OBO002', 'Máquina 2', 1, 1, 120, 2),
('OBO003', 'Máquina 3', 1, 0, 120, null),
('OBO004', 'Máquina 4', 1, 0, 180, 3);

INSERT INTO equipment_output_alias
(alias)
VALUES
('OK'),
('NOTOK');

INSERT INTO equipment_output
(counting_equipment_id, code, equipment_output_alias_id, is_valid_for_production)
VALUES
(1, 'OBO001-001', 1, true),
(1, 'OBO001-002', 2, false),
(2, 'OBO002-001', 1, true),
(2, 'OBO002-002', 2, false),
(3, 'OBO003-001', 1, true),
(3, 'OBO003-002', 2, false),
(4, 'OBO004-001', 1, true),
(4, 'OBO004-002', 2, false);

INSERT INTO production_order
(equipment_id, code, target_amount, is_equipment_enabled, is_completed, created_at, input_batch, source, gauge, category, washing_process)
VALUES
(1, 'OBOPO2300001', 1000, true, false, '2023-09-03', 'POIN29Z12', '2123185BP', '45 x 24', 'Flor/Ext/Sup', 'MSN140X'),
(2, 'OBOPO2300002', 3000, true, true, '2023-09-03', 'TTON29Z12', '1166685BP', '45 x 24', 'Flor/Ext/Ope', 'MOC145X'),
(2, 'OBOPO2300003', 5000, true, true, '2023-09-04', 'TTON29Z12', '1166685BP', '45 x 24', 'Flor/Ext/Ope', 'MOC145X'),
(2, 'OBOPO2300004', 2000, true, true, '2023-09-05', 'TTON29Z12', '1166685BP', '45 x 24', 'Flor/Ext/Ope', 'MOC145X'),
(2, 'OBOPO2300005', 400, true, true, '2023-09-06', 'TTON28U', '2235BP', '12 x 24', 'Ope', 'TAP2Z'),
(2, 'OBOPO2300006', 500, true, true, '2023-09-06', 'TTON28U', '2235BP', '12 x 24', 'Ope', 'TAP2Z'),
(2, 'OBOPO2300007', 1000, true, true, '2023-09-06', 'TTON28U', '2235BP', '12 x 24', 'Ope', 'TAP2Z'),
(2, 'OBOPO2300008', 3000, true, true, '2023-09-07', 'CULA12', 'MA22BP', '12 x 36', 'Ext/Ope', 'CAL2U'),
(2, 'OBOPO2300009', 5000, true, true, '2023-09-07', 'CULA12', 'MA22BP', '12 x 36', 'Ext/Ope', 'CAL2U'),
(2, 'OBOPO2300010', 10000, true, true, '2023-09-07', 'CULA12', 'MA22BP', '12 x 36', 'Ext/Ope', 'CAL2U'),
(2, 'OBOPO2300011', 3000, true, true, '2023-09-07', 'BOME22', '33NEU', '16 x 36', 'Oro', 'PAX'),
(2, 'OBOPO2300012', 5000, true, true, '2023-09-07', 'BOME22', '33NEU', '16 x 36', 'Oro', 'PAX'),
(2, 'OBOPO2300013', 10000, true, true, '2023-09-07', 'BOME22', '33NEU', '16 x 36', 'Oro', 'PAX');


INSERT INTO counter_record (equipment_output_id, equipment_output_alias, real_value, computed_value, increment, production_order_id, registered_at)
VALUES
(1, 'OK', 250, 0, 0, 1, '2023-08-18 22:52:51.198'),
(2, 'NOTOK', 220, 0, 0, 1, '2023-08-18 22:52:51.21'),
(1, 'OK', 350, 100, 100, 1, '2023-08-18 22:55:53.873'),
(2, 'NOTOK', 320, 100, 100, 1, '2023-08-18 22:55:53.887'),
(3, 'OK', 350, 0, 0, 2, '2023-08-18 22:58:51.198'),
(4, 'NOTOK', 520, 0, 0, 2, '2023-08-18 22:58:51.21'),
(1, 'OK', 450, 200, 100, 1, '2023-08-18 22:59:53.873'),
(2, 'NOTOK', 520, 300, 200, 1, '2023-08-18 22:59:53.887'),
(1, 'OK', 550, 300, 100, 1, '2023-08-18 23:01:53.873'),
(2, 'NOTOK', 730, 510, 210, 1, '2023-08-18 23:01:53.887'),
(1, 'OK', 640, 390, 90, 1, '2023-08-18 23:05:53.873'),
(2, 'NOTOK', 780, 560, 50, 1, '2023-08-18 23:05:53.887'),
(3, 'OK', 450, 100, 100, 2, '2023-08-18 23:06:51.198'),
(4, 'NOTOK', 720, 200, 200, 2, '2023-08-18 23:06:51.21'),
(1, 'OK', 750, 500, 110, 1, '2023-08-18 23:07:53.873'),
(2, 'NOTOK', 820, 600, 40, 1, '2023-08-18 23:07:53.887'),
(1, 'OK', 790, 540, 40, 1, '2023-08-18 23:09:53.873'),
(2, 'NOTOK', 850, 630, 30, 1, '2023-08-18 23:09:53.887');

INSERT INTO alarm_configuration (equipment_id, word_index, bit_index, code, description)
VALUES
(1, 0, 0, 'PLC01', 'Falha de Comunicação com PLC'),
(1, 0, 1, 'PLC02', 'Falha de Comunicação com Sensor'),
(1, 0, 2, 'PLC03', 'Reajuste Valor da Camara Superior do Sensor'),
(1, 0, 3, 'PLC04', 'Reajuste Valor da Camara Inferior do Sensor'),
(1, 0, 4, 'PLC05', 'Atenção Tendência'),
(1, 0, 5, 'PLC06', 'Atenção Valor Acima'),
(1, 0, 6, 'PLC07', 'Rejeição Elevada Acima'),
(1, 0, 7, 'PLC08', 'Rejeição Elevada Abaixo'),
(1, 0, 8, 'PLC09', 'Paragem de Emergência 1 Ativa'),
(1, 0, 9, 'PLC10', 'Falta de Ar Comprimido'),
(1, 0, 10, 'PLC11', 'Falta de Energia Eletrica'),
(1, 0, 11, 'PLC12', 'Mesa Fora de Posição'),
(1, 0, 12, 'PLC13', 'Variador de Velocidade em Alarme'),
(1, 0, 13, 'PLC14', 'Falha de Rotação da Mesa / Mesa Bloqueada'),
(1, 0, 14, 'PLC15', 'Sistema de Aquecimento da Mesa em Alarme'),
(1, 0, 15, 'PLC16', 'Posição de Módulos avançados'),
(1, 1, 0, 'PLC17', 'Falha Fibra da Entrada do Módulo'),
(1, 1, 1, 'PLC18', 'Falta de Rolhas na Entrada da Tremonha'),
(1, 1, 2, 'PLC19', 'Gaveta Fora de Posição'),
(1, 1, 3, 'PLC20', 'Empurrador Superior Fora de Posição'),
(1, 1, 4, 'PLC21', 'Empurrador Inferior Fora de Posição'),
(1, 1, 5, 'PLC22', 'Camera Fora de Posição'),
(1, 1, 6, 'PLC23', 'Falta de Condições para Iniciar Ciclo'),
(1, 1, 7, 'PLC24', 'Falha no Avanço da Gaveta'),
(1, 1, 8, 'PLC25', 'Falha no Recuo da Gaveta'),
(1, 1, 9, 'PLC26', 'Falha na Descida da Camera'),
(1, 1, 10, 'PLC27', 'Falha na Subida da Camera'),
(1, 1, 11, 'PLC28', 'Empurrador Superior não Avançado'),
(1, 1, 12, 'PLC29', 'Empurrador Superior não Recuado'),
(1, 1, 13, 'PLC30', 'Empurrador Inferior não Avançado'),
(1, 1, 14, 'PLC31', 'Empurrador Inferior não Recuado'),
(1, 1, 15, 'PLC32', 'Tremonha Bloqueada'),
(1, 2, 0, 'PLC33', 'Gaveta Fora de Posição'),
(1, 2, 1, 'PLC34', 'Falha na Subida da Gaveta'),
(1, 2, 2, 'PLC35', 'Falha na Descida da Gaveta'),
(1, 2, 3, 'PLC36', 'Sonda Fora de Posição'),
(1, 2, 4, 'PLC37', 'Falha no Avanço da Sonda'),
(1, 2, 5, 'PLC38', 'Falha no Recuo da Sonda'),
(1, 2, 6, 'PLC39', 'Falha de Resposta do Sensor'),
(1, 2, 7, 'PLC40', ''),
(1, 2, 8, 'PLC41', ''),
(1, 2, 9, 'PLC42', ''),
(1, 2, 10, 'PLC43', ''),
(1, 2, 11, 'PLC44', ''),
(1, 2, 12, 'PLC45', ''),
(1, 2, 13, 'PLC46', ''),
(1, 2, 14, 'PLC47', ''),
(1, 2, 15, 'PLC48', 'Falta de Condições para Iniciar Ciclo'),
(1, 3, 0, 'PLC49', 'Extrator OK Fora de Posição'),
(1, 3, 1, 'PLC50', 'Falha no Avanço do Extrator OK'),
(1, 3, 2, 'PLC51', 'Falha no Recuo do Extrator OK'),
(1, 3, 3, 'PLC52', ''),
(1, 3, 4, 'PLC53', ''),
(1, 3, 5, 'PLC54', ''),
(1, 3, 6, 'PLC55', ''),
(1, 3, 7, 'PLC56', ''),
(1, 3, 8, 'PLC57', 'Extrator NOK Fora de Posição'),
(1, 3, 9, 'PLC58', 'Falha no Avanço do Extrator NOK'),
(1, 3, 10, 'PLC59', 'Falha no Recuo do Extrator NOK'),
(1, 3, 11, 'PLC60', ''),
(1, 3, 12, 'PLC61', ''),
(1, 3, 13, 'PLC62', ''),
(1, 3, 14, 'PLC63', ''),
(1, 3, 15, 'PLC64', 'Falta de Condições para Iniciar Ciclo'),
(2, 0, 0, 'PLC01', 'Falha de Comunicação com PLC'),
(2, 0, 1, 'PLC02', 'Falha de Comunicação com Sensor'),
(2, 0, 2, 'PLC03', 'Reajuste Valor da Camara Superior do Sensor'),
(2, 0, 3, 'PLC04', 'Reajuste Valor da Camara Inferior do Sensor'),
(2, 0, 4, 'PLC05', 'Atenção Tendência'),
(2, 0, 5, 'PLC06', 'Atenção Valor Acima'),
(2, 0, 6, 'PLC07', 'Rejeição Elevada Acima'),
(2, 0, 7, 'PLC08', 'Rejeição Elevada Abaixo'),
(2, 0, 8, 'PLC09', 'Paragem de Emergência 1 Ativa'),
(2, 0, 9, 'PLC10', 'Falta de Ar Comprimido'),
(2, 0, 10, 'PLC11', 'Falta de Energia Eletrica'),
(2, 0, 11, 'PLC12', 'Mesa Fora de Posição'),
(2, 0, 12, 'PLC13', 'Variador de Velocidade em Alarme'),
(2, 0, 13, 'PLC14', 'Falha de Rotação da Mesa / Mesa Bloqueada'),
(2, 0, 14, 'PLC15', 'Sistema de Aquecimento da Mesa em Alarme'),
(2, 0, 15, 'PLC16', 'Posição de Módulos avançados'),
(2, 1, 0, 'PLC17', 'Falha Fibra da Entrada do Módulo'),
(2, 1, 1, 'PLC18', 'Falta de Rolhas na Entrada da Tremonha'),
(2, 1, 2, 'PLC19', 'Gaveta Fora de Posição'),
(2, 1, 3, 'PLC20', 'Empurrador Superior Fora de Posição'),
(2, 1, 4, 'PLC21', 'Empurrador Inferior Fora de Posição'),
(2, 1, 5, 'PLC22', 'Camera Fora de Posição'),
(2, 1, 6, 'PLC23', 'Falta de Condições para Iniciar Ciclo'),
(2, 1, 7, 'PLC24', 'Falha no Avanço da Gaveta'),
(2, 1, 8, 'PLC25', 'Falha no Recuo da Gaveta'),
(2, 1, 9, 'PLC26', 'Falha na Descida da Camera'),
(2, 1, 10, 'PLC27', 'Falha na Subida da Camera'),
(2, 1, 11, 'PLC28', 'Empurrador Superior não Avançado'),
(2, 1, 12, 'PLC29', 'Empurrador Superior não Recuado'),
(2, 1, 13, 'PLC30', 'Empurrador Inferior não Avançado'),
(2, 1, 14, 'PLC31', 'Empurrador Inferior não Recuado'),
(2, 1, 15, 'PLC32', 'Tremonha Bloqueada'),
(2, 2, 0, 'PLC33', 'Gaveta Fora de Posição'),
(2, 2, 1, 'PLC34', 'Falha na Subida da Gaveta'),
(2, 2, 2, 'PLC35', 'Falha na Descida da Gaveta'),
(2, 2, 3, 'PLC36', 'Sonda Fora de Posição'),
(2, 2, 4, 'PLC37', 'Falha no Avanço da Sonda'),
(2, 2, 5, 'PLC38', 'Falha no Recuo da Sonda'),
(2, 2, 6, 'PLC39', 'Falha de Resposta do Sensor'),
(2, 2, 7, 'PLC40', ''),
(2, 2, 8, 'PLC41', ''),
(2, 2, 9, 'PLC42', ''),
(2, 2, 10, 'PLC43', ''),
(2, 2, 11, 'PLC44', ''),
(2, 2, 12, 'PLC45', ''),
(2, 2, 13, 'PLC46', ''),
(2, 2, 14, 'PLC47', ''),
(2, 2, 15, 'PLC48', 'Falta de Condições para Iniciar Ciclo'),
(2, 3, 0, 'PLC49', 'Extrator OK Fora de Posição'),
(2, 3, 1, 'PLC50', 'Falha no Avanço do Extrator OK'),
(2, 3, 2, 'PLC51', 'Falha no Recuo do Extrator OK'),
(2, 3, 3, 'PLC52', ''),
(2, 3, 4, 'PLC53', ''),
(2, 3, 5, 'PLC54', ''),
(2, 3, 6, 'PLC55', ''),
(2, 3, 7, 'PLC56', ''),
(2, 3, 8, 'PLC57', 'Extrator NOK Fora de Posição'),
(2, 3, 9, 'PLC58', 'Falha no Avanço do Extrator NOK'),
(2, 3, 10, 'PLC59', 'Falha no Recuo do Extrator NOK'),
(2, 3, 11, 'PLC60', ''),
(2, 3, 12, 'PLC61', ''),
(2, 3, 13, 'PLC62', ''),
(2, 3, 14, 'PLC63', ''),
(2, 3, 15, 'PLC64', 'Falta de Condições para Iniciar Ciclo'),
(3, 0, 0, 'PLC01', 'Falha de Comunicação com PLC'),
(3, 0, 1, 'PLC02', 'Falha de Comunicação com Sensor'),
(3, 0, 2, 'PLC03', 'Reajuste Valor da Camara Superior do Sensor'),
(3, 0, 3, 'PLC04', 'Reajuste Valor da Camara Inferior do Sensor'),
(3, 0, 4, 'PLC05', 'Atenção Tendência'),
(3, 0, 5, 'PLC06', 'Atenção Valor Acima'),
(3, 0, 6, 'PLC07', 'Rejeição Elevada Acima'),
(3, 0, 7, 'PLC08', 'Rejeição Elevada Abaixo'),
(3, 0, 8, 'PLC09', 'Paragem de Emergência 1 Ativa'),
(3, 0, 9, 'PLC10', 'Falta de Ar Comprimido'),
(3, 0, 10, 'PLC11', 'Falta de Energia Eletrica'),
(3, 0, 11, 'PLC12', 'Mesa Fora de Posição'),
(3, 0, 12, 'PLC13', 'Variador de Velocidade em Alarme'),
(3, 0, 13, 'PLC14', 'Falha de Rotação da Mesa / Mesa Bloqueada'),
(3, 0, 14, 'PLC15', 'Sistema de Aquecimento da Mesa em Alarme'),
(3, 0, 15, 'PLC16', 'Posição de Módulos avançados'),
(3, 1, 0, 'PLC17', 'Falha Fibra da Entrada do Módulo'),
(3, 1, 1, 'PLC18', 'Falta de Rolhas na Entrada da Tremonha'),
(3, 1, 2, 'PLC19', 'Gaveta Fora de Posição'),
(3, 1, 3, 'PLC20', 'Empurrador Superior Fora de Posição'),
(3, 1, 4, 'PLC21', 'Empurrador Inferior Fora de Posição'),
(3, 1, 5, 'PLC22', 'Camera Fora de Posição'),
(3, 1, 6, 'PLC23', 'Falta de Condições para Iniciar Ciclo'),
(3, 1, 7, 'PLC24', 'Falha no Avanço da Gaveta'),
(3, 1, 8, 'PLC25', 'Falha no Recuo da Gaveta'),
(3, 1, 9, 'PLC26', 'Falha na Descida da Camera'),
(3, 1, 10, 'PLC27', 'Falha na Subida da Camera'),
(3, 1, 11, 'PLC28', 'Empurrador Superior não Avançado'),
(3, 1, 12, 'PLC29', 'Empurrador Superior não Recuado'),
(3, 1, 13, 'PLC30', 'Empurrador Inferior não Avançado'),
(3, 1, 14, 'PLC31', 'Empurrador Inferior não Recuado'),
(3, 1, 15, 'PLC32', 'Tremonha Bloqueada'),
(3, 2, 0, 'PLC33', 'Gaveta Fora de Posição'),
(3, 2, 1, 'PLC34', 'Falha na Subida da Gaveta'),
(3, 2, 2, 'PLC35', 'Falha na Descida da Gaveta'),
(3, 2, 3, 'PLC36', 'Sonda Fora de Posição'),
(3, 2, 4, 'PLC37', 'Falha no Avanço da Sonda'),
(3, 2, 5, 'PLC38', 'Falha no Recuo da Sonda'),
(3, 2, 6, 'PLC39', 'Falha de Resposta do Sensor'),
(3, 2, 7, 'PLC40', ''),
(3, 2, 8, 'PLC41', ''),
(3, 2, 9, 'PLC42', ''),
(3, 2, 10, 'PLC43', ''),
(3, 2, 11, 'PLC44', ''),
(3, 2, 12, 'PLC45', ''),
(3, 2, 13, 'PLC46', ''),
(3, 2, 14, 'PLC47', ''),
(3, 2, 15, 'PLC48', 'Falta de Condições para Iniciar Ciclo'),
(3, 3, 0, 'PLC49', 'Extrator OK Fora de Posição'),
(3, 3, 1, 'PLC50', 'Falha no Avanço do Extrator OK'),
(3, 3, 2, 'PLC51', 'Falha no Recuo do Extrator OK'),
(3, 3, 3, 'PLC52', ''),
(3, 3, 4, 'PLC53', ''),
(3, 3, 5, 'PLC54', ''),
(3, 3, 6, 'PLC55', ''),
(3, 3, 7, 'PLC56', ''),
(3, 3, 8, 'PLC57', 'Extrator NOK Fora de Posição'),
(3, 3, 9, 'PLC58', 'Falha no Avanço do Extrator NOK'),
(3, 3, 10, 'PLC59', 'Falha no Recuo do Extrator NOK'),
(3, 3, 11, 'PLC60', ''),
(3, 3, 12, 'PLC61', ''),
(3, 3, 13, 'PLC62', ''),
(3, 3, 14, 'PLC63', ''),
(3, 3, 15, 'PLC64', 'Falta de Condições para Iniciar Ciclo'),
(4, 0, 0, 'PLC01', 'Falha de Comunicação com PLC'),
(4, 0, 1, 'PLC02', 'Falha de Comunicação com Sensor'),
(4, 0, 2, 'PLC03', 'Reajuste Valor da Camara Superior do Sensor'),
(4, 0, 3, 'PLC04', 'Reajuste Valor da Camara Inferior do Sensor'),
(4, 0, 4, 'PLC05', 'Atenção Tendência'),
(4, 0, 5, 'PLC06', 'Atenção Valor Acima'),
(4, 0, 6, 'PLC07', 'Rejeição Elevada Acima'),
(4, 0, 7, 'PLC08', 'Rejeição Elevada Abaixo'),
(4, 0, 8, 'PLC09', 'Paragem de Emergência 1 Ativa'),
(4, 0, 9, 'PLC10', 'Falta de Ar Comprimido'),
(4, 0, 10, 'PLC11', 'Falta de Energia Eletrica'),
(4, 0, 11, 'PLC12', 'Mesa Fora de Posição'),
(4, 0, 12, 'PLC13', 'Variador de Velocidade em Alarme'),
(4, 0, 13, 'PLC14', 'Falha de Rotação da Mesa / Mesa Bloqueada'),
(4, 0, 14, 'PLC15', 'Sistema de Aquecimento da Mesa em Alarme'),
(4, 0, 15, 'PLC16', 'Posição de Módulos avançados'),
(4, 1, 0, 'PLC17', 'Falha Fibra da Entrada do Módulo'),
(4, 1, 1, 'PLC18', 'Falta de Rolhas na Entrada da Tremonha'),
(4, 1, 2, 'PLC19', 'Gaveta Fora de Posição'),
(4, 1, 3, 'PLC20', 'Empurrador Superior Fora de Posição'),
(4, 1, 4, 'PLC21', 'Empurrador Inferior Fora de Posição'),
(4, 1, 5, 'PLC22', 'Camera Fora de Posição'),
(4, 1, 6, 'PLC23', 'Falta de Condições para Iniciar Ciclo'),
(4, 1, 7, 'PLC24', 'Falha no Avanço da Gaveta'),
(4, 1, 8, 'PLC25', 'Falha no Recuo da Gaveta'),
(4, 1, 9, 'PLC26', 'Falha na Descida da Camera'),
(4, 1, 10, 'PLC27', 'Falha na Subida da Camera'),
(4, 1, 11, 'PLC28', 'Empurrador Superior não Avançado'),
(4, 1, 12, 'PLC29', 'Empurrador Superior não Recuado'),
(4, 1, 13, 'PLC30', 'Empurrador Inferior não Avançado'),
(4, 1, 14, 'PLC31', 'Empurrador Inferior não Recuado'),
(4, 1, 15, 'PLC32', 'Tremonha Bloqueada'),
(4, 2, 0, 'PLC33', 'Gaveta Fora de Posição'),
(4, 2, 1, 'PLC34', 'Falha na Subida da Gaveta'),
(4, 2, 2, 'PLC35', 'Falha na Descida da Gaveta'),
(4, 2, 3, 'PLC36', 'Sonda Fora de Posição'),
(4, 2, 4, 'PLC37', 'Falha no Avanço da Sonda'),
(4, 2, 5, 'PLC38', 'Falha no Recuo da Sonda'),
(4, 2, 6, 'PLC39', 'Falha de Resposta do Sensor'),
(4, 2, 7, 'PLC40', ''),
(4, 2, 8, 'PLC41', ''),
(4, 2, 9, 'PLC42', ''),
(4, 2, 10, 'PLC43', ''),
(4, 2, 11, 'PLC44', ''),
(4, 2, 12, 'PLC45', ''),
(4, 2, 13, 'PLC46', ''),
(4, 2, 14, 'PLC47', ''),
(4, 2, 15, 'PLC48', 'Falta de Condições para Iniciar Ciclo'),
(4, 3, 0, 'PLC49', 'Extrator OK Fora de Posição'),
(4, 3, 1, 'PLC50', 'Falha no Avanço do Extrator OK'),
(4, 3, 2, 'PLC51', 'Falha no Recuo do Extrator OK'),
(4, 3, 3, 'PLC52', ''),
(4, 3, 4, 'PLC53', ''),
(4, 3, 5, 'PLC54', ''),
(4, 3, 6, 'PLC55', ''),
(4, 3, 7, 'PLC56', ''),
(4, 3, 8, 'PLC57', 'Extrator NOK Fora de Posição'),
(4, 3, 9, 'PLC58', 'Falha no Avanço do Extrator NOK'),
(4, 3, 10, 'PLC59', 'Falha no Recuo do Extrator NOK'),
(4, 3, 11, 'PLC60', ''),
(4, 3, 12, 'PLC61', ''),
(4, 3, 13, 'PLC62', ''),
(4, 3, 14, 'PLC63', ''),
(4, 3, 15, 'PLC64', 'Falta de Condições para Iniciar Ciclo');